part_id,x,y
1,235.702228597,151.1619594
2,232.65440613,127.928735632
3,234.036145743,218.724751136
4,233.38597611,184.2100848
5,231.930829016,107.348791019
6,232.53124192,114.416271654
7,201.044903534,121.687041147
8,243.370509952,258.205276175
9,258.550319246,181.144268775
10,232.674652993,133.157015295
11,262.705543675,122.492186215
12,225.970294705,258.586591523
13,211.573011832,182.04687734
14,233.753580878,242.872821823
15,232.787876182,145.485726569
